capacity,joint,disjoint,disjoint_std,gap
1,93.75,77.08333333333334,16.535945694153693,16.666666666666657
2,93.75,81.25,13.010412496663331,12.5
3,93.75,77.08333333333334,16.535945694153693,16.666666666666657
5,93.75,81.25,13.010412496663331,12.5
10,93.75,77.08333333333334,16.535945694153693,16.666666666666657
20,93.75,77.08333333333334,16.535945694153693,16.666666666666657
100,93.75,79.16666666666667,18.162078931419472,14.583333333333329
